"inst","expo","expo_97.5","expo_2.5","coeff","coeff_97.5","coeff_2.5"
740,1.29390584855622,1.50506369447306,1.08274800263938,6.18431164020126,10.6174425653263,3.60215845085226
751,1.69210064024477,1.90532663991355,1.47887464057599,6.99760876992169,10.7551574831615,4.55284160864666
